#Emp_id,First_name,Last_name,Age
1,name_1,Trivedi,54
2,name_2,Rath,39
3,name_3,Pradhan,21
4,name_4,Sahoo,40
5,name_5,Reddy,27
6,name_6,Pradhan,38
7,name_7,Trivedi,27
8,name_8,Swain,52
9,name_9,Pradhan,18
10,name_10,Sahoo,29
11,name_11,Sahoo,51
12,name_12,Trivedi,23
13,name_13,Reddy,59
14,name_14,Kumar,48
15,name_15,Reddy,52
16,name_16,Trivedi,28
17,name_17,Swain,18
18,name_18,Kumar,50
19,name_19,,42
20,name_20,Kumar,44
21,name_21,Sahoo,25
22,name_22,Swain,38
23,name_23,Trivedi,28
24,name_24,Kumar,48
25,name_25,Trivedi,52
26,name_26,Kumar,59
27,name_27,,40
28,name_28,Reddy,41
29,name_29,Sahoo,54
30,name_30,Rath,60
31,name_31,Rath,57
32,name_32,Swain,37
33,name_33,Reddy,50
34,name_34,Kumar,50
35,name_35,Sahoo,52
36,name_36,Rath,42
37,name_37,,26
38,name_38,,57
39,name_39,Rath,57
40,name_40,Sahoo,32
41,name_41,Pradhan,45
42,name_42,Trivedi,58
43,name_43,Reddy,54
44,name_44,Kumar,36
45,name_45,Sahoo,43
46,name_46,Swain,48
47,name_47,Sahoo,37
48,name_48,Rath,45
49,name_49,Kumar,41
50,name_50,Sahoo,24
51,name_51,Swain,34
52,name_52,Swain,47
53,name_53,Kumar,57
54,name_54,Kumar,26
55,name_55,Sahoo,58
56,name_56,Trivedi,34
57,name_57,Pradhan,60
58,name_58,Trivedi,38
59,name_59,Rath,26
60,name_60,Swain,51
61,name_61,Trivedi,27
62,name_62,Sahoo,34
63,name_63,,33
64,name_64,Pradhan,41
65,name_65,Trivedi,57
66,name_66,Pradhan,56
67,name_67,Kumar,28
68,name_68,,33
69,name_69,Pradhan,58
70,name_70,Sahoo,45
71,name_71,,45
72,name_72,Pradhan,41
73,name_73,Rath,21
74,name_74,Pradhan,58
75,name_75,Pradhan,18
76,name_76,Kumar,20
77,name_77,Pradhan,34
78,name_78,Sahoo,54
79,name_79,Kumar,40
80,name_80,Sahoo,37
81,name_81,Sahoo,26
82,name_82,Trivedi,60
83,name_83,Trivedi,53
84,name_84,Sahoo,57
85,name_85,Reddy,51
86,name_86,Pradhan,28
87,name_87,Trivedi,50
88,name_88,Kumar,25
89,name_89,Pradhan,40
90,name_90,Rath,48
91,name_91,Reddy,24
92,name_92,Swain,33
93,name_93,Pradhan,39
94,name_94,Swain,55
95,name_95,Rath,31
96,name_96,Trivedi,40
97,name_97,Reddy,21
98,name_98,Reddy,37
99,name_99,Swain,57
100,name_100,Trivedi,49
101,name_101,Pradhan,52
102,name_102,Trivedi,53
103,name_103,Rath,30
104,name_104,Sahoo,35
105,name_105,Pradhan,35
106,name_106,Swain,50
107,name_107,Rath,55
108,name_108,Reddy,24
109,name_109,Reddy,33
110,name_110,Rath,51
111,name_111,Reddy,24
112,name_112,Rath,36
113,name_113,Rath,35
114,name_114,Pradhan,29
115,name_115,,49
116,name_116,Pradhan,53
117,name_117,Swain,33
118,name_118,Trivedi,28
119,name_119,Trivedi,44
120,name_120,,39
121,name_121,Reddy,40
122,name_122,Rath,30
123,name_123,Kumar,47
124,name_124,Sahoo,55
125,name_125,Pradhan,22
126,name_126,Reddy,26
127,name_127,Swain,50
128,name_128,Sahoo,54
129,name_129,Rath,37
130,name_130,Pradhan,20
131,name_131,Trivedi,31
132,name_132,Rath,60
133,name_133,Reddy,58
134,name_134,Rath,54
135,name_135,,32
136,name_136,Swain,48
137,name_137,Rath,31
138,name_138,Trivedi,60
139,name_139,Sahoo,22
140,name_140,Kumar,29
141,name_141,Sahoo,21
142,name_142,Reddy,46
143,name_143,,18
144,name_144,Trivedi,47
145,name_145,Swain,53
146,name_146,,45
147,name_147,Sahoo,23
148,name_148,Sahoo,18
149,name_149,Rath,18
150,name_150,,54
151,name_151,Rath,51
152,name_152,Pradhan,34
153,name_153,Rath,42
154,name_154,Trivedi,18
155,name_155,Pradhan,57
156,name_156,Rath,56
157,name_157,,35
158,name_158,Trivedi,55
159,name_159,Sahoo,32
160,name_160,Reddy,50
161,name_161,Swain,27
162,name_162,Pradhan,42
163,name_163,Trivedi,55
164,name_164,Reddy,44
165,name_165,,28
166,name_166,Trivedi,58
167,name_167,Swain,56
168,name_168,Pradhan,45
169,name_169,Trivedi,54
170,name_170,Sahoo,42
171,name_171,Pradhan,20
172,name_172,Sahoo,59
173,name_173,Rath,32
174,name_174,Reddy,25
175,name_175,,43
176,name_176,,48
177,name_177,Trivedi,46
178,name_178,Sahoo,56
179,name_179,Rath,19
180,name_180,Reddy,29
181,name_181,Swain,33
182,name_182,Trivedi,42
183,name_183,Pradhan,36
184,name_184,Pradhan,22
185,name_185,Sahoo,24
186,name_186,Rath,34
187,name_187,Rath,38
188,name_188,Rath,48
189,name_189,Sahoo,20
190,name_190,Kumar,49
191,name_191,,47
192,name_192,Trivedi,26
193,name_193,Swain,51
194,name_194,Pradhan,41
195,name_195,Trivedi,44
196,name_196,Swain,51
197,name_197,Pradhan,58
198,name_198,Sahoo,39
199,name_199,Pradhan,53
200,name_200,Trivedi,46
201,name_201,Trivedi,57
202,name_202,Pradhan,22
203,name_203,Reddy,28
204,name_204,Sahoo,30
205,name_205,Rath,42
206,name_206,Sahoo,48
207,name_207,,58
208,name_208,Swain,51
209,name_209,Sahoo,32
210,name_210,Pradhan,28
211,name_211,Pradhan,36
212,name_212,,30
213,name_213,Kumar,49
214,name_214,Rath,59
215,name_215,Sahoo,31
216,name_216,Pradhan,50
217,name_217,Pradhan,23
218,name_218,Sahoo,28
219,name_219,Reddy,56
220,name_220,Rath,49
221,name_221,Kumar,50
222,name_222,,44
223,name_223,Pradhan,57
224,name_224,Pradhan,53
225,name_225,Reddy,44
226,name_226,Reddy,32
227,name_227,Sahoo,55
228,name_228,Reddy,34
229,name_229,,42
230,name_230,Rath,57
231,name_231,Rath,21
232,name_232,Kumar,23
233,name_233,,32
234,name_234,,44
235,name_235,Rath,23
236,name_236,Reddy,35
237,name_237,Trivedi,60
238,name_238,Sahoo,18
239,name_239,,50
240,name_240,,32
241,name_241,,57
242,name_242,Trivedi,43
243,name_243,Rath,55
244,name_244,Reddy,49
245,name_245,Sahoo,22
246,name_246,,20
247,name_247,Reddy,49
248,name_248,Reddy,29
249,name_249,,40
250,name_250,Rath,58
251,name_251,Rath,30
252,name_252,Pradhan,21
253,name_253,Rath,41
254,name_254,Trivedi,58
255,name_255,Trivedi,58
256,name_256,Reddy,41
257,name_257,Swain,60
258,name_258,,48
259,name_259,Trivedi,29
260,name_260,Reddy,46
261,name_261,Kumar,55
262,name_262,Sahoo,38
263,name_263,,20
264,name_264,,35
265,name_265,Rath,24
266,name_266,Kumar,42
267,name_267,Trivedi,34
268,name_268,Kumar,35
269,name_269,Reddy,30
270,name_270,Swain,24
271,name_271,,50
272,name_272,,27
273,name_273,Rath,40
274,name_274,Reddy,23
275,name_275,Kumar,46
276,name_276,Pradhan,35
277,name_277,Trivedi,22
278,name_278,,55
279,name_279,Reddy,55
280,name_280,,53
281,name_281,Sahoo,19
282,name_282,Pradhan,41
283,name_283,Rath,39
284,name_284,Reddy,53
285,name_285,Swain,45
286,name_286,Sahoo,45
287,name_287,Kumar,43
288,name_288,Trivedi,18
289,name_289,Rath,43
290,name_290,Trivedi,18
291,name_291,Rath,49
292,name_292,Kumar,43
293,name_293,,19
294,name_294,,23
295,name_295,,59
296,name_296,Reddy,59
297,name_297,Sahoo,37
298,name_298,Reddy,37
299,name_299,Rath,22
300,name_300,Swain,52
301,name_301,,19
302,name_302,Kumar,50
303,name_303,Kumar,53
304,name_304,Rath,29
305,name_305,Reddy,48
306,name_306,Swain,44
307,name_307,Sahoo,32
308,name_308,Rath,31
309,name_309,Sahoo,38
310,name_310,Trivedi,40
311,name_311,Trivedi,20
312,name_312,Rath,46
313,name_313,,34
314,name_314,Rath,54
315,name_315,,58
316,name_316,Trivedi,38
317,name_317,Kumar,48
318,name_318,,41
319,name_319,Reddy,42
320,name_320,Pradhan,22
321,name_321,Pradhan,60
322,name_322,Kumar,41
323,name_323,Sahoo,21
324,name_324,,36
325,name_325,Swain,34
326,name_326,Rath,59
327,name_327,Swain,50
328,name_328,Swain,30
329,name_329,Kumar,35
330,name_330,Swain,34
331,name_331,Sahoo,41
332,name_332,Pradhan,25
333,name_333,,23
334,name_334,Reddy,33
335,name_335,Rath,19
336,name_336,,34
337,name_337,Kumar,48
338,name_338,Swain,18
339,name_339,,33
340,name_340,Kumar,49
341,name_341,,33
342,name_342,Trivedi,24
343,name_343,Sahoo,60
344,name_344,Swain,51
345,name_345,Kumar,31
346,name_346,Sahoo,40
347,name_347,Pradhan,43
348,name_348,Rath,49
349,name_349,Trivedi,38
350,name_350,,37
351,name_351,Rath,44
352,name_352,Trivedi,43
353,name_353,Swain,59
354,name_354,Trivedi,38
355,name_355,Trivedi,54
356,name_356,Sahoo,43
357,name_357,Rath,45
358,name_358,Rath,51
359,name_359,Kumar,55
360,name_360,,22
361,name_361,,20
362,name_362,Swain,43
363,name_363,Reddy,34
364,name_364,,27
365,name_365,Reddy,39
366,name_366,,22
367,name_367,Reddy,30
368,name_368,Trivedi,26
369,name_369,Pradhan,60
370,name_370,Pradhan,33
371,name_371,Trivedi,20
372,name_372,Rath,54
373,name_373,Swain,38
374,name_374,Pradhan,36
375,name_375,Sahoo,25
376,name_376,Kumar,31
377,name_377,Rath,19
378,name_378,Rath,24
379,name_379,Rath,58
380,name_380,Rath,27
381,name_381,,39
382,name_382,Kumar,18
383,name_383,Rath,57
384,name_384,,31
385,name_385,Pradhan,50
386,name_386,Trivedi,37
387,name_387,Swain,39
388,name_388,Pradhan,48
389,name_389,Swain,27
390,name_390,Rath,54
391,name_391,Trivedi,59
392,name_392,Pradhan,57
393,name_393,,58
394,name_394,Trivedi,31
395,name_395,,59
396,name_396,Rath,47
397,name_397,Trivedi,39
398,name_398,Rath,27
399,name_399,Sahoo,45
400,name_400,Trivedi,48
401,name_401,Rath,25
402,name_402,Trivedi,33
403,name_403,Reddy,55
404,name_404,Kumar,59
405,name_405,Reddy,26
406,name_406,Trivedi,41
407,name_407,Reddy,46
408,name_408,Kumar,28
409,name_409,Rath,21
410,name_410,Kumar,58
411,name_411,Pradhan,19
412,name_412,Pradhan,49
413,name_413,Kumar,53
414,name_414,,35
415,name_415,Rath,27
416,name_416,Kumar,37
417,name_417,Swain,19
418,name_418,Sahoo,25
419,name_419,Swain,30
420,name_420,Kumar,43
421,name_421,Kumar,59
422,name_422,,56
423,name_423,Reddy,40
424,name_424,Rath,27
425,name_425,Swain,51
426,name_426,Swain,44
427,name_427,Reddy,18
428,name_428,Rath,58
429,name_429,Sahoo,42
430,name_430,Trivedi,32
431,name_431,Swain,48
432,name_432,Rath,37
433,name_433,Kumar,59
434,name_434,Reddy,33
435,name_435,Sahoo,20
436,name_436,Sahoo,51
437,name_437,Swain,53
438,name_438,Rath,54
439,name_439,Trivedi,25
440,name_440,Swain,51
441,name_441,Swain,41
442,name_442,Rath,49
443,name_443,Swain,46
444,name_444,Pradhan,36
445,name_445,Rath,60
446,name_446,Rath,18
447,name_447,,56
448,name_448,Sahoo,34
449,name_449,Sahoo,55
450,name_450,Sahoo,58
451,name_451,Trivedi,40
452,name_452,,18
453,name_453,Pradhan,27
454,name_454,Pradhan,37
455,name_455,Kumar,60
456,name_456,Pradhan,53
457,name_457,,24
458,name_458,Trivedi,54
459,name_459,Pradhan,58
460,name_460,Pradhan,36
461,name_461,,30
462,name_462,Kumar,57
463,name_463,Kumar,29
464,name_464,Swain,23
465,name_465,Rath,21
466,name_466,Swain,47
467,name_467,Rath,18
468,name_468,Trivedi,21
469,name_469,Swain,30
470,name_470,Reddy,36
471,name_471,Sahoo,28
472,name_472,Sahoo,60
473,name_473,Trivedi,22
474,name_474,,47
475,name_475,Kumar,18
476,name_476,,37
477,name_477,Trivedi,23
478,name_478,Reddy,39
479,name_479,Trivedi,45
480,name_480,Pradhan,29
481,name_481,Trivedi,32
482,name_482,Sahoo,58
483,name_483,,36
484,name_484,Reddy,20
485,name_485,Reddy,59
486,name_486,Sahoo,32
487,name_487,,53
488,name_488,Rath,25
489,name_489,Swain,57
490,name_490,,50
491,name_491,Swain,38
492,name_492,Swain,51
493,name_493,,50
494,name_494,Pradhan,23
495,name_495,,22
496,name_496,,46
497,name_497,Trivedi,31
498,name_498,Pradhan,26
499,name_499,,46
500,name_500,Swain,26
501,name_501,Pradhan,56
502,name_502,Swain,21
503,name_503,Reddy,21
504,name_504,,39
505,name_505,,38
506,name_506,Rath,25
507,name_507,Reddy,39
508,name_508,Pradhan,50
509,name_509,Reddy,33
510,name_510,Swain,39
511,name_511,,27
512,name_512,Swain,28
513,name_513,Pradhan,43
514,name_514,Pradhan,33
515,name_515,Rath,47
516,name_516,Reddy,36
517,name_517,Rath,47
518,name_518,Reddy,20
519,name_519,Trivedi,38
520,name_520,Sahoo,35
521,name_521,Reddy,19
522,name_522,Kumar,20
523,name_523,Sahoo,22
524,name_524,Swain,45
525,name_525,Reddy,28
526,name_526,Reddy,57
527,name_527,Kumar,18
528,name_528,Sahoo,57
529,name_529,Rath,29
530,name_530,Rath,45
531,name_531,Sahoo,41
532,name_532,,45
533,name_533,Rath,25
534,name_534,Rath,44
535,name_535,Rath,21
536,name_536,Reddy,56
537,name_537,Reddy,33
538,name_538,Kumar,26
539,name_539,,57
540,name_540,Trivedi,49
541,name_541,Swain,44
542,name_542,Reddy,52
543,name_543,Pradhan,47
544,name_544,Reddy,28
545,name_545,,41
546,name_546,Sahoo,48
547,name_547,Kumar,35
548,name_548,Pradhan,39
549,name_549,Reddy,46
550,name_550,Swain,48
551,name_551,,45
552,name_552,Swain,30
553,name_553,Kumar,51
554,name_554,,55
555,name_555,Rath,60
556,name_556,Trivedi,45
557,name_557,Sahoo,31
558,name_558,Trivedi,46
559,name_559,Sahoo,58
560,name_560,Kumar,27
561,name_561,Pradhan,25
562,name_562,Pradhan,58
563,name_563,Rath,38
564,name_564,Reddy,40
565,name_565,Trivedi,49
566,name_566,Pradhan,46
567,name_567,Pradhan,32
568,name_568,Trivedi,53
569,name_569,,42
570,name_570,Rath,58
571,name_571,Pradhan,52
572,name_572,Pradhan,60
573,name_573,Reddy,43
574,name_574,Trivedi,30
575,name_575,Kumar,33
576,name_576,Swain,52
577,name_577,Kumar,47
578,name_578,Rath,27
579,name_579,Pradhan,50
580,name_580,Sahoo,57
581,name_581,Trivedi,20
582,name_582,Trivedi,21
583,name_583,Pradhan,56
584,name_584,Rath,58
585,name_585,Sahoo,59
586,name_586,Trivedi,37
587,name_587,Sahoo,56
588,name_588,,42
589,name_589,Trivedi,35
590,name_590,Kumar,58
591,name_591,,21
592,name_592,Sahoo,23
593,name_593,Kumar,30
594,name_594,Kumar,60
595,name_595,Reddy,40
596,name_596,Swain,56
597,name_597,Rath,42
598,name_598,Swain,23
599,name_599,Sahoo,19
600,name_600,Reddy,46
601,name_601,Rath,34
602,name_602,Pradhan,54
603,name_603,Reddy,54
604,name_604,Reddy,59
605,name_605,Pradhan,24
606,name_606,Kumar,54
607,name_607,Pradhan,24
608,name_608,Pradhan,30
609,name_609,Reddy,39
610,name_610,Sahoo,55
611,name_611,Trivedi,51
612,name_612,Swain,33
613,name_613,Pradhan,20
614,name_614,Rath,58
615,name_615,,33
616,name_616,,37
617,name_617,Sahoo,60
618,name_618,Pradhan,31
619,name_619,Kumar,29
620,name_620,Pradhan,45
621,name_621,Rath,48
622,name_622,Rath,36
623,name_623,Kumar,25
624,name_624,Trivedi,44
625,name_625,Trivedi,33
626,name_626,Reddy,23
627,name_627,Sahoo,46
628,name_628,Kumar,19
629,name_629,Sahoo,25
630,name_630,Trivedi,57
631,name_631,Pradhan,43
632,name_632,,29
633,name_633,Trivedi,43
634,name_634,Reddy,52
635,name_635,Swain,27
636,name_636,Trivedi,53
637,name_637,Swain,31
638,name_638,,40
639,name_639,Trivedi,43
640,name_640,Trivedi,18
641,name_641,,32
642,name_642,Kumar,46
643,name_643,Rath,60
644,name_644,,30
645,name_645,Rath,50
646,name_646,Trivedi,26
647,name_647,Kumar,55
648,name_648,Rath,38
649,name_649,Sahoo,41
650,name_650,Pradhan,28
651,name_651,Rath,28
652,name_652,Kumar,46
653,name_653,Trivedi,42
654,name_654,Rath,20
655,name_655,Trivedi,54
656,name_656,Swain,25
657,name_657,Trivedi,35
658,name_658,Kumar,40
659,name_659,Rath,30
660,name_660,,42
661,name_661,Kumar,58
662,name_662,Sahoo,22
663,name_663,Swain,38
664,name_664,Reddy,45
665,name_665,Swain,57
666,name_666,Sahoo,22
667,name_667,Rath,47
668,name_668,Kumar,29
669,name_669,,46
670,name_670,,52
671,name_671,,39
672,name_672,Trivedi,51
673,name_673,Trivedi,34
674,name_674,Rath,24
675,name_675,Swain,57
676,name_676,Reddy,22
677,name_677,Pradhan,49
678,name_678,Sahoo,47
679,name_679,Reddy,24
680,name_680,,47
681,name_681,Swain,45
682,name_682,Reddy,45
683,name_683,Pradhan,45
684,name_684,Kumar,54
685,name_685,Kumar,46
686,name_686,Reddy,22
687,name_687,Pradhan,45
688,name_688,Kumar,26
689,name_689,Rath,57
690,name_690,Kumar,32
691,name_691,Kumar,20
692,name_692,,29
693,name_693,,21
694,name_694,Pradhan,56
695,name_695,Pradhan,28
696,name_696,Kumar,44
697,name_697,Kumar,54
698,name_698,,34
699,name_699,Trivedi,58
700,name_700,Sahoo,56
701,name_701,,49
702,name_702,Swain,28
703,name_703,Kumar,44
704,name_704,Trivedi,56
705,name_705,Pradhan,23
706,name_706,Kumar,52
707,name_707,Reddy,28
708,name_708,Pradhan,51
709,name_709,,41
710,name_710,Sahoo,57
711,name_711,Reddy,45
712,name_712,Kumar,48
713,name_713,Pradhan,54
714,name_714,Kumar,44
715,name_715,Rath,21
716,name_716,Kumar,42
717,name_717,Reddy,37
718,name_718,,36
719,name_719,Kumar,56
720,name_720,Kumar,50
721,name_721,Kumar,54
722,name_722,Sahoo,56
723,name_723,Rath,46
724,name_724,Pradhan,60
725,name_725,Reddy,27
726,name_726,Swain,58
727,name_727,Reddy,56
728,name_728,Rath,59
729,name_729,Kumar,19
730,name_730,Trivedi,43
731,name_731,Kumar,31
732,name_732,Pradhan,26
733,name_733,Sahoo,45
734,name_734,Sahoo,29
735,name_735,Kumar,24
736,name_736,Trivedi,41
737,name_737,Rath,38
738,name_738,Sahoo,43
739,name_739,Trivedi,24
740,name_740,Trivedi,18
741,name_741,Swain,37
742,name_742,Swain,57
743,name_743,Reddy,33
744,name_744,Rath,42
745,name_745,Pradhan,33
746,name_746,Kumar,36
747,name_747,Trivedi,28
748,name_748,Sahoo,52
749,name_749,Pradhan,38
750,name_750,Pradhan,54
751,name_751,Rath,23
752,name_752,Kumar,44
753,name_753,Swain,37
754,name_754,Trivedi,31
755,name_755,Kumar,57
756,name_756,Trivedi,46
757,name_757,,58
758,name_758,Sahoo,29
759,name_759,Reddy,38
760,name_760,Trivedi,56
761,name_761,Pradhan,36
762,name_762,Swain,51
763,name_763,Rath,36
764,name_764,Trivedi,51
765,name_765,,36
766,name_766,,46
767,name_767,Trivedi,25
768,name_768,Sahoo,51
769,name_769,Sahoo,28
770,name_770,Swain,31
771,name_771,Pradhan,20
772,name_772,Swain,56
773,name_773,Sahoo,58
774,name_774,Sahoo,20
775,name_775,Reddy,59
776,name_776,Pradhan,55
777,name_777,Kumar,47
778,name_778,Reddy,38
779,name_779,Trivedi,54
780,name_780,Reddy,25
781,name_781,Reddy,46
782,name_782,Swain,44
783,name_783,,19
784,name_784,Rath,54
785,name_785,Swain,55
786,name_786,Trivedi,48
787,name_787,Kumar,22
788,name_788,Reddy,56
789,name_789,Swain,34
790,name_790,Reddy,49
791,name_791,Swain,21
792,name_792,Swain,53
793,name_793,Rath,29
794,name_794,Swain,18
795,name_795,Rath,31
796,name_796,,43
797,name_797,Pradhan,19
798,name_798,Rath,36
799,name_799,Pradhan,59
800,name_800,,40
801,name_801,Sahoo,46
802,name_802,Sahoo,25
803,name_803,Reddy,49
804,name_804,Kumar,47
805,name_805,Kumar,56
806,name_806,Swain,41
807,name_807,Sahoo,52
808,name_808,Reddy,41
809,name_809,Trivedi,50
810,name_810,Swain,56
811,name_811,Swain,26
812,name_812,Rath,36
813,name_813,Pradhan,54
814,name_814,Sahoo,49
815,name_815,Rath,20
816,name_816,Reddy,33
817,name_817,Rath,55
818,name_818,Kumar,27
819,name_819,Pradhan,47
820,name_820,,25
821,name_821,Swain,54
822,name_822,Trivedi,34
823,name_823,Kumar,46
824,name_824,Swain,46
825,name_825,Sahoo,34
826,name_826,Swain,48
827,name_827,Kumar,28
828,name_828,,21
829,name_829,Pradhan,56
830,name_830,Trivedi,53
831,name_831,Sahoo,30
832,name_832,Kumar,26
833,name_833,Rath,34
834,name_834,Rath,55
835,name_835,Trivedi,42
836,name_836,Sahoo,25
837,name_837,Sahoo,42
838,name_838,Swain,19
839,name_839,Trivedi,37
840,name_840,Swain,31
841,name_841,Rath,27
842,name_842,Swain,36
843,name_843,Swain,20
844,name_844,Rath,55
845,name_845,Swain,59
846,name_846,Reddy,28
847,name_847,Rath,22
848,name_848,Sahoo,56
849,name_849,Trivedi,49
850,name_850,Swain,55
851,name_851,,24
852,name_852,Pradhan,51
853,name_853,Kumar,35
854,name_854,Sahoo,31
855,name_855,Kumar,47
856,name_856,Kumar,36
857,name_857,Pradhan,41
858,name_858,Pradhan,34
859,name_859,Reddy,57
860,name_860,Kumar,34
861,name_861,Pradhan,52
862,name_862,Kumar,22
863,name_863,Reddy,22
864,name_864,Pradhan,41
865,name_865,Trivedi,54
866,name_866,Kumar,38
867,name_867,Trivedi,52
868,name_868,Pradhan,43
869,name_869,Sahoo,33
870,name_870,,55
871,name_871,Sahoo,33
872,name_872,Pradhan,50
873,name_873,Reddy,38
874,name_874,Trivedi,29
875,name_875,Swain,46
876,name_876,Reddy,52
877,name_877,Rath,46
878,name_878,Kumar,44
879,name_879,Reddy,55
880,name_880,Sahoo,29
881,name_881,Reddy,26
882,name_882,Pradhan,58
883,name_883,Rath,34
884,name_884,Reddy,57
885,name_885,Rath,39
886,name_886,Pradhan,18
887,name_887,,41
888,name_888,Swain,22
889,name_889,Sahoo,28
890,name_890,Reddy,34
891,name_891,Trivedi,56
892,name_892,Rath,28
893,name_893,Sahoo,54
894,name_894,Sahoo,48
895,name_895,Trivedi,20
896,name_896,Rath,54
897,name_897,,27
898,name_898,Sahoo,30
899,name_899,Kumar,50
900,name_900,Rath,43
901,name_901,Swain,52
902,name_902,Swain,51
903,name_903,Kumar,38
904,name_904,Swain,30
905,name_905,Pradhan,36
906,name_906,Reddy,48
907,name_907,Pradhan,36
908,name_908,Rath,21
909,name_909,Sahoo,41
910,name_910,Rath,21
911,name_911,Reddy,23
912,name_912,Sahoo,32
913,name_913,Swain,22
914,name_914,Swain,26
915,name_915,Kumar,32
916,name_916,Kumar,52
917,name_917,Rath,41
918,name_918,,60
919,name_919,Rath,38
920,name_920,Reddy,46
921,name_921,Kumar,34
922,name_922,Sahoo,53
923,name_923,Rath,29
924,name_924,Pradhan,42
925,name_925,Sahoo,33
926,name_926,,25
927,name_927,Reddy,49
928,name_928,Sahoo,39
929,name_929,Kumar,24
930,name_930,,41
931,name_931,Reddy,18
932,name_932,Reddy,19
933,name_933,Swain,23
934,name_934,Kumar,34
935,name_935,Kumar,18
936,name_936,Sahoo,56
937,name_937,Pradhan,32
938,name_938,Rath,48
939,name_939,Kumar,24
940,name_940,,32
941,name_941,Sahoo,54
942,name_942,Rath,24
943,name_943,Kumar,56
944,name_944,Rath,35
945,name_945,Swain,56
946,name_946,Sahoo,38
947,name_947,Sahoo,27
948,name_948,Swain,50
949,name_949,,33
950,name_950,Kumar,44
951,name_951,Kumar,60
952,name_952,Rath,43
953,name_953,Kumar,33
954,name_954,Reddy,32
955,name_955,Swain,35
956,name_956,Sahoo,46
957,name_957,,57
958,name_958,Pradhan,39
959,name_959,Sahoo,58
960,name_960,Pradhan,52
961,name_961,Swain,33
962,name_962,Pradhan,24
963,name_963,Sahoo,60
964,name_964,,33
965,name_965,Kumar,34
966,name_966,Trivedi,27
967,name_967,Kumar,33
968,name_968,Swain,26
969,name_969,Kumar,45
970,name_970,Kumar,50
971,name_971,Reddy,23
972,name_972,Rath,35
973,name_973,,59
974,name_974,Pradhan,56
975,name_975,Reddy,18
976,name_976,Sahoo,23
977,name_977,Sahoo,25
978,name_978,,49
979,name_979,Kumar,47
980,name_980,Swain,23
981,name_981,,56
982,name_982,Sahoo,41
983,name_983,Reddy,19
984,name_984,,60
985,name_985,,51
986,name_986,Sahoo,28
987,name_987,Rath,41
988,name_988,,37
989,name_989,,47
990,name_990,Rath,25
991,name_991,Trivedi,27
992,name_992,Swain,58
993,name_993,Rath,45
994,name_994,,52
995,name_995,Trivedi,59
996,name_996,Pradhan,33
997,name_997,Kumar,57
998,name_998,Sahoo,52
999,name_999,Trivedi,57
1000,name_1000,Sahoo,56
